compendium,before_leader,before_leader_label,before_leader_type,before_size,destination,destination_label,destination_kind,destination_compendium,destination_type,after_size,member_count,example_members
Disease.txt,DOID:0050424,familial adenomatous polyposis,biolink:Disease,32,MONDO:0021055,classic familial adenomatous polyposis,regrouped,Disease.txt,biolink:Disease,34,32,"DOID:0050424 ""familial adenomatous polyposis""; DOID:0080409 ""familial adenomatous polyposis 1""; ICD10:D13.91 """"; MEDDRA:10017727 """"; MEDDRA:10036135 """""
Disease.txt,MONDO:0010029,situs inversus,biolink:Disease,34,MONDO:0001734,tuberous sclerosis,regrouped,Disease.txt,biolink:Disease,21,19,"DOID:0080324 ""tuberous sclerosis 1""; DOID:13515 ""tuberous sclerosis""; ICD10:Q85.1 """"; ICD9:759.5 """"; MEDDRA:10015057 """""
Disease.txt,DOID:2732,Rothmund-Thomson syndrome,biolink:Disease,16,MONDO:0010002,Rothmund-Thomson syndrome,regrouped,Disease.txt,biolink:Disease,18,16,"DOID:2732 ""Rothmund-Thomson syndrome""; MEDDRA:10052465 """"; MEDDRA:10052510 """"; MESH:D011038 ""Rothmund-Thomson Syndrome""; NCIT:C178826 ""Rothmund-Thomson Syndrome Type 1"""
Disease.txt,MONDO:0016063,Cowden disease,biolink:Disease,30,MONDO:0017623,PTEN hamartoma tumor syndrome,regrouped,Disease.txt,biolink:Disease,17,15,"DOID:0050657 ""Cowden syndrome 1""; ICD10:Q85.81 """"; MEDDRA:10074067 """"; MESH:C537716 ""Macrocephaly mesodermal hamartoma spectrum""; MESH:D016715 ""Proteus Syndrome"""
Disease.txt,DOID:0070365,nevoid basal cell carcinoma syndrome 1,biolink:Disease,13,MONDO:0007187,nevoid basal cell carcinoma syndrome,regrouped,Disease.txt,biolink:Disease,15,13,"DOID:0070365 ""nevoid basal cell carcinoma syndrome 1""; DOID:2512 ""nevoid basal cell carcinoma syndrome""; MEDDRA:10004151 """"; MEDDRA:10062804 """"; MEDDRA:10078877 """""
Disease.txt,DOID:0111503,Li-Fraumeni syndrome 1,biolink:Disease,12,MONDO:0018875,Li-Fraumeni syndrome,regrouped,Disease.txt,biolink:Disease,14,12,"DOID:0111503 ""Li-Fraumeni syndrome 1""; DOID:3012 ""Li-Fraumeni syndrome""; MEDDRA:10066795 """"; MESH:C567189 ""Li-Fraumeni-Like Syndrome""; MESH:D016864 ""Li-Fraumeni Syndrome"""
Disease.txt,MONDO:0006365,Peutz-Jeghers polyp,biolink:Disease,18,MONDO:0008280,Peutz-Jeghers syndrome,regrouped,Disease.txt,biolink:Disease,14,12,"DOID:3852 ""Peutz-Jeghers syndrome""; MEDDRA:10034764 """"; MESH:D010580 ""Peutz-Jeghers Syndrome""; NCIT:C3324 ""Peutz-Jeghers Syndrome""; NCIT:C7755 ""Peutz-Jeghers Polyp of the Small Intestine"""
Disease.txt,DOID:0111252,vestibular schwannomatosis,biolink:Disease,11,MONDO:0007039,NF2-related schwannomatosis,regrouped,Disease.txt,biolink:Disease,13,11,"DOID:0111252 ""vestibular schwannomatosis""; ICD10:Q85.02 """"; ICD9:237.72 """"; MEDDRA:10029271 """"; MESH:D016518 ""Neurofibromatosis 2"""
Disease.txt,DOID:0070648,cherubism,biolink:Disease,10,MONDO:0007315,cherubism,regrouped,Disease.txt,biolink:Disease,12,10,"DOID:0070648 ""cherubism""; DOID:1856 ""cherubism 1""; MEDDRA:10070535 """"; MEDDRA:10070536 """"; MESH:D002636 ""Cherubism"""
Disease.txt,DOID:0080141,mosaic variegated aneuploidy syndrome 1,biolink:Disease,8,MONDO:0000141,mosaic variegated aneuploidy syndrome,regrouped,Disease.txt,biolink:Disease,10,8,"DOID:0080141 ""mosaic variegated aneuploidy syndrome 1""; DOID:0080688 ""mosaic variegated aneuploidy syndrome""; MESH:C536987 ""Mosaic variegated aneuploidy syndrome""; NCIT:C128192 ""Mosaic Variegated Aneuploidy Syndrome 1""; OMIM.PS:257300 """""
Disease.txt,DOID:14515,WAGR syndrome,biolink:Disease,8,MONDO:0008681,WAGR syndrome,regrouped,Disease.txt,biolink:Disease,10,8,"DOID:14515 ""WAGR syndrome""; MEDDRA:10091877 """"; MESH:D017624 ""WAGR Syndrome""; NCIT:C3718 ""WAGR Syndrome""; OMIM:194072 """""
Disease.txt,DOID:2729,dyskeratosis congenita,biolink:Disease,8,MONDO:0015780,dyskeratosis congenita,regrouped,Disease.txt,biolink:Disease,10,8,"DOID:2729 ""dyskeratosis congenita""; MEDDRA:10062759 """"; MESH:D019871 ""Dyskeratosis Congenita""; NCIT:C111802 ""Dyskeratosis Congenita""; OMIM.PS:127550 """""
Disease.txt,DOID:5572,Beckwith-Wiedemann syndrome,biolink:Disease,8,MONDO:0007534,Beckwith-Wiedemann syndrome,regrouped,Disease.txt,biolink:Disease,10,8,"DOID:5572 ""Beckwith-Wiedemann syndrome""; MEDDRA:10050344 """"; MESH:D001506 ""Beckwith-Wiedemann Syndrome""; NCIT:C34415 ""Beckwith-Wiedemann Syndrome""; OMIM:130650 """""
Disease.txt,DOID:0050465,Muir-Torre syndrome,biolink:Disease,7,MONDO:0008018,Muir-Torre syndrome,regrouped,Disease.txt,biolink:Disease,9,7,"DOID:0050465 ""Muir-Torre syndrome""; MEDDRA:10063042 """"; MESH:D055653 ""Muir-Torre Syndrome""; NCIT:C84905 ""Muir-Torre Syndrome""; OMIM:158320 """""
Disease.txt,DOID:0050693,Brooke-Spiegler syndrome,biolink:Disease,7,MONDO:0011512,Brooke-Spiegler syndrome,regrouped,Disease.txt,biolink:Disease,9,7,"DOID:0050693 ""Brooke-Spiegler syndrome""; MEDDRA:10087912 """"; NCIT:C43352 ""Brooke-Spiegler Syndrome""; OMIM:605041 """"; SNOMEDCT:703531009 """""
Disease.txt,DOID:0080533,Carney-Stratakis syndrome,biolink:Disease,7,MONDO:0011740,Carney-Stratakis syndrome,regrouped,Disease.txt,biolink:Disease,9,7,"DOID:0080533 ""Carney-Stratakis syndrome""; MESH:C564650 ""Carney-Stratakis Syndrome""; NCIT:C94831 ""Carney-Stratakis Syndrome""; OMIM:606864 """"; SNOMEDCT:722377004 """""
Disease.txt,DOID:0111511,melanoma and neural system tumor syndrome,biolink:Disease,7,MONDO:0007967,melanoma and neural system tumor syndrome,regrouped,Disease.txt,biolink:Disease,9,7,"DOID:0111511 ""melanoma and neural system tumor syndrome""; MESH:C536149 ""Melanoma astrocytoma syndrome""; NCIT:C176905 ""Melanoma-Astrocytoma Syndrome""; OMIM:155755 """"; SNOMEDCT:717968005 """""
Disease.txt,DOID:0112133,severe congenital neutropenia 3,biolink:Disease,7,MONDO:0012548,Kostmann syndrome,regrouped,Disease.txt,biolink:Disease,9,7,"DOID:0112133 ""severe congenital neutropenia 3""; MESH:C537592 ""Neutropenia, Severe Congenital, Autosomal Recessive 3""; NCIT:C166153 ""Severe Congenital Neutropenia Type 3, Autosomal Recessive""; OMIM:610738 """"; SNOMEDCT:770942003 """""
Disease.txt,MONDO:0008145,Ollier disease,biolink:Disease,22,MONDO:0013808,Maffucci syndrome,regrouped,Disease.txt,biolink:Disease,9,7,"DOID:0060221 ""Maffucci syndrome""; MEDDRA:10083007 """"; NCIT:C3213 ""Maffucci Syndrome""; OMIM:614569 """"; SNOMEDCT:46041001 """""
Disease.txt,DOID:0050769,N syndrome,biolink:Disease,6,MONDO:0010686,N syndrome,regrouped,Disease.txt,biolink:Disease,8,6,"DOID:0050769 ""N syndrome""; MESH:C536108 ""N syndrome""; OMIM:310465 """"; SNOMEDCT:723410002 """"; UMLS:C2936859 ""N syndrome"""
Disease.txt,DOID:0070026,Revesz syndrome,biolink:Disease,6,MONDO:0009990,Revesz syndrome,regrouped,Disease.txt,biolink:Disease,8,6,"DOID:0070026 ""Revesz syndrome""; MESH:C538371 ""Revesz Debuse syndrome""; NCIT:C152064 ""Revesz Syndrome""; OMIM:268130 """"; SNOMEDCT:723512008 """""
Disease.txt,DOID:0111683,neurofibromatosis-Noonan syndrome,biolink:Disease,6,MONDO:0011035,neurofibromatosis-Noonan syndrome,regrouped,Disease.txt,biolink:Disease,8,6,"DOID:0111683 ""neurofibromatosis-Noonan syndrome""; MESH:C537393 ""Neurofibromatosis-Noonan syndrome""; OMIM:601321 """"; SNOMEDCT:715344006 """"; UMLS:C2931482 ""Neurofibromatosis-Noonan syndrome"""
Disease.txt,MONDO:0016755,neurofibroma,biolink:Disease,25,MONDO:0021061,neurofibromatosis,regrouped,Disease.txt,biolink:Disease,8,6,"DOID:8712 ""neurofibromatosis""; ICD10:Q85.00 """"; ICD9:237.7 """"; SNOMEDCT:154642000 """"; UMLS:C0495632 ""Neurofibromatosis (nonmalignant)"""
Disease.txt,MONDO:0016063,Cowden disease,biolink:Disease,30,MONDO:0008318,Proteus syndrome,regrouped,Disease.txt,biolink:Disease,5,3,"DOID:13482 ""Proteus syndrome""; SNOMEDCT:394527003 """"; orphanet:744 ""Proteus syndrome"""
Disease.txt,MONDO:0005012,cutaneous melanoma,biolink:Disease,33,MONDO:0018453,familial atypical multiple mole melanoma syndrome,regrouped,Disease.txt,biolink:Disease,4,2,"DOID:10041 ""dysplastic nevus syndrome""; UMLS:C0205747 ""Familial Atypical Multiple Mole-Melanoma"""
Disease.txt,MONDO:0010497,"intellectual disability, X-linked 102",biolink:Disease,8,MONDO:0018709,X-linked intellectual disability-hypotonia-movement disorder syndrome,regrouped,Disease.txt,biolink:Disease,8,2,"DOID:0070777 ""syndromic X-linked intellectual developmental disorder, Snijders Blok type""; ICD10:F78.A """""
Disease.txt,DOID:0051102,acrofrontofacionasal dysostosis,biolink:Disease,1,MONDO:0008715,acrofrontofacionasal dysostosis,regrouped,Disease.txt,biolink:Disease,8,1,"DOID:0051102 ""acrofrontofacionasal dysostosis"""
Disease.txt,MONDO:0012830,chromosome 10q23 deletion syndrome,biolink:Disease,17,MONDO:0017380,juvenile polyposis syndrome,regrouped,Disease.txt,biolink:Disease,3,1,"DOID:0050787 ""juvenile polyposis syndrome"""
Disease.txt,MONDO:0018638,pseudohypoaldosteronism,biolink:Disease,11,MONDO:0009917,"pseudohypoaldosteronism, type IB1, autosomal recessive",regrouped,Disease.txt,biolink:Disease,8,1,"DOID:0060854 ""autosomal recessive pseudohypoaldosteronism type 1"""
